ball,row,col,x_mm,y_mm,kind,interface,signal,escape_edge,escape_depth
A1,0,0,-10.800,10.800,signal,psram_0,DQ0,,
A2,0,1,-10.000,10.800,signal,psram_0,DQ5,,
A3,0,2,-9.200,10.800,signal,psram_0,DQ10,,
A4,0,3,-8.400,10.800,signal,psram_0,DQ15,,
A5,0,4,-7.600,10.800,signal,psram_1,DQ0,,
A6,0,5,-6.800,10.800,signal,psram_1,DQ5,,
A7,0,6,-6.000,10.800,signal,psram_1,DQ10,,
A8,0,7,-5.200,10.800,signal,psram_1,DQ15,,
A9,0,8,-4.400,10.800,signal,psram_10,DQ0,,
A10,0,9,-3.600,10.800,signal,psram_10,DQ5,,
A11,0,10,-2.800,10.800,signal,psram_10,DQ10,,
A12,0,11,-2.000,10.800,signal,psram_10,DQ15,,
A13,0,12,-1.200,10.800,signal,psram_11,DQ0,,
A14,0,13,-0.400,10.800,signal,psram_11,DQ5,,
A15,0,14,0.400,10.800,signal,psram_11,DQ10,,
A16,0,15,1.200,10.800,signal,psram_11,DQ15,,
A17,0,16,2.000,10.800,signal,psram_12,DQ0,,
A18,0,17,2.800,10.800,signal,psram_12,DQ5,,
A19,0,18,3.600,10.800,signal,psram_12,DQ10,,
A20,0,19,4.400,10.800,signal,psram_12,DQ15,,
A21,0,20,5.200,10.800,signal,psram_13,DQ0,,
A22,0,21,6.000,10.800,signal,psram_13,DQ5,,
A23,0,22,6.800,10.800,signal,psram_13,DQ10,,
A24,0,23,7.600,10.800,signal,psram_13,DQ15,,
A25,0,24,8.400,10.800,signal,psram_14,DQ0,,
A26,0,25,9.200,10.800,signal,psram_14,DQ5,,
A27,0,26,10.000,10.800,signal,psram_14,DQ10,,
A28,0,27,10.800,10.800,signal,psram_14,DQ15,,
B1,1,0,-10.800,10.000,signal,psram_0,DQ1,,
B2,1,1,-10.000,10.000,signal,psram_0,DQ6,,
B3,1,2,-9.200,10.000,signal,psram_0,DQ11,,
B4,1,3,-8.400,10.000,signal,psram_0,RWDS0,,
B5,1,4,-7.600,10.000,signal,psram_1,DQ1,,
B6,1,5,-6.800,10.000,signal,psram_1,DQ6,,
B7,1,6,-6.000,10.000,signal,psram_1,DQ11,,
B8,1,7,-5.200,10.000,signal,psram_1,RWDS0,,
B9,1,8,-4.400,10.000,signal,psram_10,DQ1,,
B10,1,9,-3.600,10.000,signal,psram_10,DQ6,,
B11,1,10,-2.800,10.000,signal,psram_10,DQ11,,
B12,1,11,-2.000,10.000,signal,psram_10,RWDS0,,
B13,1,12,-1.200,10.000,signal,psram_11,DQ1,,
B14,1,13,-0.400,10.000,signal,psram_11,DQ6,,
B15,1,14,0.400,10.000,signal,psram_11,DQ11,,
B16,1,15,1.200,10.000,signal,psram_11,RWDS0,,
B17,1,16,2.000,10.000,signal,psram_12,DQ1,,
B18,1,17,2.800,10.000,signal,psram_12,DQ6,,
B19,1,18,3.600,10.000,signal,psram_12,DQ11,,
B20,1,19,4.400,10.000,signal,psram_12,RWDS0,,
B21,1,20,5.200,10.000,signal,psram_13,DQ1,,
B22,1,21,6.000,10.000,signal,psram_13,DQ6,,
B23,1,22,6.800,10.000,signal,psram_13,DQ11,,
B24,1,23,7.600,10.000,signal,psram_13,RWDS0,,
B25,1,24,8.400,10.000,signal,psram_14,DQ1,,
B26,1,25,9.200,10.000,signal,psram_14,DQ6,,
B27,1,26,10.000,10.000,signal,psram_14,DQ11,,
B28,1,27,10.800,10.000,signal,psram_14,RWDS0,,
C1,2,0,-10.800,9.200,signal,psram_0,DQ2,,
C2,2,1,-10.000,9.200,signal,psram_0,DQ7,,
C3,2,2,-9.200,9.200,signal,psram_0,DQ12,,
C4,2,3,-8.400,9.200,signal,psram_0,RWDS1,,
C5,2,4,-7.600,9.200,signal,psram_1,DQ2,,
C6,2,5,-6.800,9.200,signal,psram_1,DQ7,,
C7,2,6,-6.000,9.200,signal,psram_1,DQ12,,
C8,2,7,-5.200,9.200,signal,psram_1,RWDS1,,
C9,2,8,-4.400,9.200,signal,psram_10,DQ2,,
C10,2,9,-3.600,9.200,signal,psram_10,DQ7,,
C11,2,10,-2.800,9.200,signal,psram_10,DQ12,,
C12,2,11,-2.000,9.200,signal,psram_10,RWDS1,,
C13,2,12,-1.200,9.200,signal,psram_11,DQ2,,
C14,2,13,-0.400,9.200,signal,psram_11,DQ7,,
C15,2,14,0.400,9.200,signal,psram_11,DQ12,,
C16,2,15,1.200,9.200,signal,psram_11,RWDS1,,
C17,2,16,2.000,9.200,signal,psram_12,DQ2,,
C18,2,17,2.800,9.200,signal,psram_12,DQ7,,
C19,2,18,3.600,9.200,signal,psram_12,DQ12,,
C20,2,19,4.400,9.200,signal,psram_12,RWDS1,,
C21,2,20,5.200,9.200,signal,psram_13,DQ2,,
C22,2,21,6.000,9.200,signal,psram_13,DQ7,,
C23,2,22,6.800,9.200,signal,psram_13,DQ12,,
C24,2,23,7.600,9.200,signal,psram_13,RWDS1,,
C25,2,24,8.400,9.200,signal,psram_14,DQ2,,
C26,2,25,9.200,9.200,signal,psram_14,DQ7,,
C27,2,26,10.000,9.200,signal,psram_14,DQ12,,
C28,2,27,10.800,9.200,signal,psram_14,RWDS1,,
D1,3,0,-10.800,8.400,signal,psram_0,DQ3,,
D2,3,1,-10.000,8.400,signal,psram_0,DQ8,,
D3,3,2,-9.200,8.400,signal,psram_0,DQ13,,
D4,3,3,-8.400,8.400,signal,psram_0,CS,,
D5,3,4,-7.600,8.400,signal,psram_1,DQ3,,
D6,3,5,-6.800,8.400,signal,psram_1,DQ8,,
D7,3,6,-6.000,8.400,signal,psram_1,DQ13,,
D8,3,7,-5.200,8.400,signal,psram_1,CS,,
D9,3,8,-4.400,8.400,signal,psram_10,DQ3,,
D10,3,9,-3.600,8.400,signal,psram_10,DQ8,,
D11,3,10,-2.800,8.400,signal,psram_10,DQ13,,
D12,3,11,-2.000,8.400,signal,psram_10,CS,,
D13,3,12,-1.200,8.400,signal,psram_11,DQ3,,
D14,3,13,-0.400,8.400,signal,psram_11,DQ8,,
D15,3,14,0.400,8.400,signal,psram_11,DQ13,,
D16,3,15,1.200,8.400,signal,psram_11,CS,,
D17,3,16,2.000,8.400,signal,psram_12,DQ3,,
D18,3,17,2.800,8.400,signal,psram_12,DQ8,,
D19,3,18,3.600,8.400,signal,psram_12,DQ13,,
D20,3,19,4.400,8.400,signal,psram_12,CS,,
D21,3,20,5.200,8.400,signal,psram_13,DQ3,,
D22,3,21,6.000,8.400,signal,psram_13,DQ8,,
D23,3,22,6.800,8.400,signal,psram_13,DQ13,,
D24,3,23,7.600,8.400,signal,psram_13,CS,,
D25,3,24,8.400,8.400,signal,psram_14,DQ3,,
D26,3,25,9.200,8.400,signal,psram_14,DQ8,,
D27,3,26,10.000,8.400,signal,psram_14,DQ13,,
D28,3,27,10.800,8.400,signal,psram_14,CS,,
E1,4,0,-10.800,7.600,signal,psram_0,DQ4,,
E2,4,1,-10.000,7.600,signal,psram_0,DQ9,,
E3,4,2,-9.200,7.600,signal,psram_0,DQ14,,
E4,4,3,-8.400,7.600,ground,GND,,,
E5,4,4,-7.600,7.600,signal,psram_1,DQ4,,
E6,4,5,-6.800,7.600,signal,psram_1,DQ9,,
E7,4,6,-6.000,7.600,signal,psram_1,DQ14,,
E8,4,7,-5.200,7.600,ground,GND,,,
E9,4,8,-4.400,7.600,signal,psram_10,DQ4,,
E10,4,9,-3.600,7.600,signal,psram_10,DQ9,,
E11,4,10,-2.800,7.600,signal,psram_10,DQ14,,
E12,4,11,-2.000,7.600,ground,GND,,,
E13,4,12,-1.200,7.600,signal,psram_11,DQ4,,
E14,4,13,-0.400,7.600,signal,psram_11,DQ9,,
E15,4,14,0.400,7.600,signal,psram_11,DQ14,,
E16,4,15,1.200,7.600,ground,GND,,,
E17,4,16,2.000,7.600,signal,psram_12,DQ4,,
E18,4,17,2.800,7.600,signal,psram_12,DQ9,,
E19,4,18,3.600,7.600,signal,psram_12,DQ14,,
E20,4,19,4.400,7.600,ground,GND,,,
E21,4,20,5.200,7.600,signal,psram_13,DQ4,,
E22,4,21,6.000,7.600,signal,psram_13,DQ9,,
E23,4,22,6.800,7.600,signal,psram_13,DQ14,,
E24,4,23,7.600,7.600,ground,GND,,,
E25,4,24,8.400,7.600,signal,psram_14,DQ4,,
E26,4,25,9.200,7.600,signal,psram_14,DQ9,,
E27,4,26,10.000,7.600,signal,psram_14,DQ14,,
E28,4,27,10.800,7.600,ground,GND,,,
F1,5,0,-10.800,6.800,signal,psram_5,DQ10,,
F2,5,1,-10.000,6.800,signal,psram_5,DQ11,,
F3,5,2,-9.200,6.800,signal,psram_5,DQ12,,
F4,5,3,-8.400,6.800,signal,psram_5,DQ13,,
F5,5,4,-7.600,6.800,signal,psram_5,DQ14,,
F6,5,5,-6.800,6.800,ground,GND,,,
F7,5,6,-6.000,6.800,rail,VDD_CORE,,,
F8,5,7,-5.200,6.800,ground,GND,,,
F9,5,8,-4.400,6.800,rail,VDD_CORE,,,
F10,5,9,-3.600,6.800,ground,GND,,,
F11,5,10,-2.800,6.800,rail,VDD_IO_1V8,,,
F12,5,11,-2.000,6.800,ground,GND,,,
F13,5,12,-1.200,6.800,rail,VDD_CORE,,,
F14,5,13,-0.400,6.800,ground,GND,,,
F15,5,14,0.400,6.800,rail,VDD_CORE,,,
F16,5,15,1.200,6.800,ground,GND,,,
F17,5,16,2.000,6.800,rail,VDD_CORE,,,
F18,5,17,2.800,6.800,ground,GND,,,
F19,5,18,3.600,6.800,rail,VDD_CORE,,,
F20,5,19,4.400,6.800,ground,GND,,,
F21,5,20,5.200,6.800,rail,VDD_IO_1V8,,,
F22,5,21,6.000,6.800,ground,GND,,,
F23,5,22,6.800,6.800,rail,VDD_CORE,,,
F24,5,23,7.600,6.800,signal,psram_15,DQ0,,
F25,5,24,8.400,6.800,signal,psram_15,DQ1,,
F26,5,25,9.200,6.800,signal,psram_15,DQ2,,
F27,5,26,10.000,6.800,signal,psram_15,DQ3,,
F28,5,27,10.800,6.800,signal,psram_15,DQ4,,
G1,6,0,-10.800,6.000,signal,psram_5,DQ15,,
G2,6,1,-10.000,6.000,signal,psram_5,RWDS0,,
G3,6,2,-9.200,6.000,signal,psram_5,RWDS1,,
G4,6,3,-8.400,6.000,signal,psram_5,CS,,
G5,6,4,-7.600,6.000,ground,GND,,,
G6,6,5,-6.800,6.000,rail,VDD_CORE,,,
G7,6,6,-6.000,6.000,ground,GND,,,
G8,6,7,-5.200,6.000,rail,VDD_CORE,,,
G9,6,8,-4.400,6.000,ground,GND,,,
G10,6,9,-3.600,6.000,rail,VDD_CORE,,,
G11,6,10,-2.800,6.000,ground,GND,,,
G12,6,11,-2.000,6.000,rail,VDD_IO_1V8,,,
G13,6,12,-1.200,6.000,ground,GND,,,
G14,6,13,-0.400,6.000,rail,VDD_CORE,,,
G15,6,14,0.400,6.000,ground,GND,,,
G16,6,15,1.200,6.000,rail,VDD_CORE,,,
G17,6,16,2.000,6.000,ground,GND,,,
G18,6,17,2.800,6.000,rail,VDD_CORE,,,
G19,6,18,3.600,6.000,ground,GND,,,
G20,6,19,4.400,6.000,rail,VDD_CORE,,,
G21,6,20,5.200,6.000,ground,GND,,,
G22,6,21,6.000,6.000,rail,VDD_IO_1V8,,,
G23,6,22,6.800,6.000,ground,GND,,,
G24,6,23,7.600,6.000,signal,psram_15,DQ5,,
G25,6,24,8.400,6.000,signal,psram_15,DQ6,,
G26,6,25,9.200,6.000,signal,psram_15,DQ7,,
G27,6,26,10.000,6.000,signal,psram_15,DQ8,,
G28,6,27,10.800,6.000,signal,psram_15,DQ9,,
H1,7,0,-10.800,5.200,signal,psram_6,DQ0,,
H2,7,1,-10.000,5.200,signal,psram_6,DQ1,,
H3,7,2,-9.200,5.200,signal,psram_6,DQ2,,
H4,7,3,-8.400,5.200,signal,psram_6,DQ3,,
H5,7,4,-7.600,5.200,signal,psram_6,DQ4,,
H6,7,5,-6.800,5.200,ground,GND,,,
H7,7,6,-6.000,5.200,rail,VDD_CORE,,,
H8,7,7,-5.200,5.200,ground,GND,,,
H9,7,8,-4.400,5.200,rail,VDD_CORE,,,
H10,7,9,-3.600,5.200,ground,GND,,,
H11,7,10,-2.800,5.200,rail,VDD_CORE,,,
H12,7,11,-2.000,5.200,ground,GND,,,
H13,7,12,-1.200,5.200,rail,VDD_IO_1V8,,,
H14,7,13,-0.400,5.200,ground,GND,,,
H15,7,14,0.400,5.200,rail,VDD_CORE,,,
H16,7,15,1.200,5.200,ground,GND,,,
H17,7,16,2.000,5.200,rail,VDD_CORE,,,
H18,7,17,2.800,5.200,ground,GND,,,
H19,7,18,3.600,5.200,rail,VDD_CORE,,,
H20,7,19,4.400,5.200,ground,GND,,,
H21,7,20,5.200,5.200,rail,VDD_CORE,,,
H22,7,21,6.000,5.200,ground,GND,,,
H23,7,22,6.800,5.200,rail,VDD_IO_1V8,,,
H24,7,23,7.600,5.200,signal,psram_15,DQ10,,
H25,7,24,8.400,5.200,signal,psram_15,DQ11,,
H26,7,25,9.200,5.200,signal,psram_15,DQ12,,
H27,7,26,10.000,5.200,signal,psram_15,DQ13,,
H28,7,27,10.800,5.200,signal,psram_15,DQ14,,
J1,8,0,-10.800,4.400,signal,psram_6,DQ5,,
J2,8,1,-10.000,4.400,signal,psram_6,DQ6,,
J3,8,2,-9.200,4.400,signal,psram_6,DQ7,,
J4,8,3,-8.400,4.400,signal,psram_6,DQ8,,
J5,8,4,-7.600,4.400,signal,psram_6,DQ9,,
J6,8,5,-6.800,4.400,rail,VDD_CORE,,,
J7,8,6,-6.000,4.400,ground,GND,,,
J8,8,7,-5.200,4.400,rail,VDD_CORE,,,
J9,8,8,-4.400,4.400,ground,GND,,,
J10,8,9,-3.600,4.400,rail,VDD_CORE,,,
J11,8,10,-2.800,4.400,ground,GND,,,
J12,8,11,-2.000,4.400,rail,VDD_CORE,,,
J13,8,12,-1.200,4.400,ground,GND,,,
J14,8,13,-0.400,4.400,rail,VDD_IO_1V8,,,
J15,8,14,0.400,4.400,ground,GND,,,
J16,8,15,1.200,4.400,rail,VDD_CORE,,,
J17,8,16,2.000,4.400,ground,GND,,,
J18,8,17,2.800,4.400,rail,VDD_CORE,,,
J19,8,18,3.600,4.400,ground,GND,,,
J20,8,19,4.400,4.400,rail,VDD_CORE,,,
J21,8,20,5.200,4.400,ground,GND,,,
J22,8,21,6.000,4.400,rail,VDD_CORE,,,
J23,8,22,6.800,4.400,ground,GND,,,
J24,8,23,7.600,4.400,signal,psram_15,DQ15,,
J25,8,24,8.400,4.400,signal,psram_15,RWDS0,,
J26,8,25,9.200,4.400,signal,psram_15,RWDS1,,
J27,8,26,10.000,4.400,signal,psram_15,CS,,
J28,8,27,10.800,4.400,ground,GND,,,
K1,9,0,-10.800,3.600,signal,psram_6,DQ10,,
K2,9,1,-10.000,3.600,signal,psram_6,DQ11,,
K3,9,2,-9.200,3.600,signal,psram_6,DQ12,,
K4,9,3,-8.400,3.600,signal,psram_6,DQ13,,
K5,9,4,-7.600,3.600,signal,psram_6,DQ14,,
K6,9,5,-6.800,3.600,ground,GND,,,
K7,9,6,-6.000,3.600,rail,VDD_CORE,,,
K8,9,7,-5.200,3.600,ground,GND,,,
K9,9,8,-4.400,3.600,rail,VDD_CORE,,,
K10,9,9,-3.600,3.600,ground,GND,,,
K11,9,10,-2.800,3.600,rail,VDD_CORE,,,
K12,9,11,-2.000,3.600,ground,GND,,,
K13,9,12,-1.200,3.600,rail,VDD_CORE,,,
K14,9,13,-0.400,3.600,ground,GND,,,
K15,9,14,0.400,3.600,rail,VDD_IO_1V8,,,
K16,9,15,1.200,3.600,ground,GND,,,
K17,9,16,2.000,3.600,rail,VDD_CORE,,,
K18,9,17,2.800,3.600,ground,GND,,,
K19,9,18,3.600,3.600,rail,VDD_CORE,,,
K20,9,19,4.400,3.600,ground,GND,,,
K21,9,20,5.200,3.600,rail,VDD_CORE,,,
K22,9,21,6.000,3.600,ground,GND,,,
K23,9,22,6.800,3.600,rail,VDD_CORE,,,
K24,9,23,7.600,3.600,signal,psram_2,DQ0,,
K25,9,24,8.400,3.600,signal,psram_2,DQ1,,
K26,9,25,9.200,3.600,signal,psram_2,DQ2,,
K27,9,26,10.000,3.600,signal,psram_2,DQ3,,
K28,9,27,10.800,3.600,signal,psram_2,DQ4,,
L1,10,0,-10.800,2.800,signal,psram_6,DQ15,,
L2,10,1,-10.000,2.800,signal,psram_6,RWDS0,,
L3,10,2,-9.200,2.800,signal,psram_6,RWDS1,,
L4,10,3,-8.400,2.800,signal,psram_6,CS,,
L5,10,4,-7.600,2.800,ground,GND,,,
L6,10,5,-6.800,2.800,rail,VDD_IO_1V8,,,
L7,10,6,-6.000,2.800,ground,GND,,,
L8,10,7,-5.200,2.800,rail,VDD_CORE,,,
L9,10,8,-4.400,2.800,ground,GND,,,
L10,10,9,-3.600,2.800,rail,VDD_CORE,,,
L11,10,10,-2.800,2.800,ground,GND,,,
L12,10,11,-2.000,2.800,rail,VDD_CORE,,,
L13,10,12,-1.200,2.800,ground,GND,,,
L14,10,13,-0.400,2.800,rail,VDD_CORE,,,
L15,10,14,0.400,2.800,ground,GND,,,
L16,10,15,1.200,2.800,rail,VDD_IO_1V8,,,
L17,10,16,2.000,2.800,ground,GND,,,
L18,10,17,2.800,2.800,rail,VDD_CORE,,,
L19,10,18,3.600,2.800,ground,GND,,,
L20,10,19,4.400,2.800,rail,VDD_CORE,,,
L21,10,20,5.200,2.800,ground,GND,,,
L22,10,21,6.000,2.800,rail,VDD_CORE,,,
L23,10,22,6.800,2.800,ground,GND,,,
L24,10,23,7.600,2.800,signal,psram_2,DQ5,,
L25,10,24,8.400,2.800,signal,psram_2,DQ6,,
L26,10,25,9.200,2.800,signal,psram_2,DQ7,,
L27,10,26,10.000,2.800,signal,psram_2,DQ8,,
L28,10,27,10.800,2.800,signal,psram_2,DQ9,,
M1,11,0,-10.800,2.000,signal,psram_7,DQ0,,
M2,11,1,-10.000,2.000,signal,psram_7,DQ1,,
M3,11,2,-9.200,2.000,signal,psram_7,DQ2,,
M4,11,3,-8.400,2.000,signal,psram_7,DQ3,,
M5,11,4,-7.600,2.000,signal,psram_7,DQ4,,
M6,11,5,-6.800,2.000,ground,GND,,,
M7,11,6,-6.000,2.000,rail,VDD_IO_1V8,,,
M8,11,7,-5.200,2.000,ground,GND,,,
M9,11,8,-4.400,2.000,rail,VDD_CORE,,,
M10,11,9,-3.600,2.000,ground,GND,,,
M11,11,10,-2.800,2.000,rail,VDD_CORE,,,
M12,11,11,-2.000,2.000,ground,GND,,,
M13,11,12,-1.200,2.000,rail,VDD_CORE,,,
M14,11,13,-0.400,2.000,ground,GND,,,
M15,11,14,0.400,2.000,rail,VDD_CORE,,,
M16,11,15,1.200,2.000,ground,GND,,,
M17,11,16,2.000,2.000,rail,VDD_IO_1V8,,,
M18,11,17,2.800,2.000,ground,GND,,,
M19,11,18,3.600,2.000,rail,VDD_CORE,,,
M20,11,19,4.400,2.000,ground,GND,,,
M21,11,20,5.200,2.000,rail,VDD_CORE,,,
M22,11,21,6.000,2.000,ground,GND,,,
M23,11,22,6.800,2.000,rail,VDD_CORE,,,
M24,11,23,7.600,2.000,signal,psram_2,DQ10,,
M25,11,24,8.400,2.000,signal,psram_2,DQ11,,
M26,11,25,9.200,2.000,signal,psram_2,DQ12,,
M27,11,26,10.000,2.000,signal,psram_2,DQ13,,
M28,11,27,10.800,2.000,signal,psram_2,DQ14,,
N1,12,0,-10.800,1.200,signal,psram_7,DQ5,,
N2,12,1,-10.000,1.200,signal,psram_7,DQ6,,
N3,12,2,-9.200,1.200,signal,psram_7,DQ7,,
N4,12,3,-8.400,1.200,signal,psram_7,DQ8,,
N5,12,4,-7.600,1.200,signal,psram_7,DQ9,,
N6,12,5,-6.800,1.200,rail,VDD_CORE,,,
N7,12,6,-6.000,1.200,ground,GND,,,
N8,12,7,-5.200,1.200,rail,VDD_IO_1V8,,,
N9,12,8,-4.400,1.200,ground,GND,,,
N10,12,9,-3.600,1.200,rail,VDD_CORE,,,
N11,12,10,-2.800,1.200,ground,GND,,,
N12,12,11,-2.000,1.200,rail,VDD_CORE,,,
N13,12,12,-1.200,1.200,ground,GND,,,
N14,12,13,-0.400,1.200,rail,VDD_CORE,,,
N15,12,14,0.400,1.200,ground,GND,,,
N16,12,15,1.200,1.200,rail,VDD_CORE,,,
N17,12,16,2.000,1.200,ground,GND,,,
N18,12,17,2.800,1.200,rail,VDD_IO_1V8,,,
N19,12,18,3.600,1.200,ground,GND,,,
N20,12,19,4.400,1.200,rail,VDD_CORE,,,
N21,12,20,5.200,1.200,ground,GND,,,
N22,12,21,6.000,1.200,rail,VDD_CORE,,,
N23,12,22,6.800,1.200,ground,GND,,,
N24,12,23,7.600,1.200,signal,psram_2,DQ15,,
N25,12,24,8.400,1.200,signal,psram_2,RWDS0,,
N26,12,25,9.200,1.200,signal,psram_2,RWDS1,,
N27,12,26,10.000,1.200,signal,psram_2,CS,,
N28,12,27,10.800,1.200,ground,GND,,,
P1,13,0,-10.800,0.400,signal,psram_7,DQ10,,
P2,13,1,-10.000,0.400,signal,psram_7,DQ11,,
P3,13,2,-9.200,0.400,signal,psram_7,DQ12,,
P4,13,3,-8.400,0.400,signal,psram_7,DQ13,,
P5,13,4,-7.600,0.400,signal,psram_7,DQ14,,
P6,13,5,-6.800,0.400,ground,GND,,,
P7,13,6,-6.000,0.400,rail,VDD_CORE,,,
P8,13,7,-5.200,0.400,ground,GND,,,
P9,13,8,-4.400,0.400,rail,VDD_IO_1V8,,,
P10,13,9,-3.600,0.400,ground,GND,,,
P11,13,10,-2.800,0.400,rail,VDD_CORE,,,
P12,13,11,-2.000,0.400,ground,GND,,,
P13,13,12,-1.200,0.400,rail,VDD_CORE,,,
P14,13,13,-0.400,0.400,ground,GND,,,
P15,13,14,0.400,0.400,rail,VDD_CORE,,,
P16,13,15,1.200,0.400,ground,GND,,,
P17,13,16,2.000,0.400,rail,VDD_CORE,,,
P18,13,17,2.800,0.400,ground,GND,,,
P19,13,18,3.600,0.400,rail,VDD_IO_1V8,,,
P20,13,19,4.400,0.400,ground,GND,,,
P21,13,20,5.200,0.400,rail,VDD_CORE,,,
P22,13,21,6.000,0.400,ground,GND,,,
P23,13,22,6.800,0.400,rail,VDD_CORE,,,
P24,13,23,7.600,0.400,signal,psram_3,DQ0,,
P25,13,24,8.400,0.400,signal,psram_3,DQ1,,
P26,13,25,9.200,0.400,signal,psram_3,DQ2,,
P27,13,26,10.000,0.400,signal,psram_3,DQ3,,
P28,13,27,10.800,0.400,signal,psram_3,DQ4,,
R1,14,0,-10.800,-0.400,signal,psram_7,DQ15,,
R2,14,1,-10.000,-0.400,signal,psram_7,RWDS0,,
R3,14,2,-9.200,-0.400,signal,psram_7,RWDS1,,
R4,14,3,-8.400,-0.400,signal,psram_7,CS,,
R5,14,4,-7.600,-0.400,ground,GND,,,
R6,14,5,-6.800,-0.400,rail,VDD_CORE,,,
R7,14,6,-6.000,-0.400,ground,GND,,,
R8,14,7,-5.200,-0.400,rail,VDD_CORE,,,
R9,14,8,-4.400,-0.400,ground,GND,,,
R10,14,9,-3.600,-0.400,rail,VDD_IO_1V8,,,
R11,14,10,-2.800,-0.400,ground,GND,,,
R12,14,11,-2.000,-0.400,rail,VDD_CORE,,,
R13,14,12,-1.200,-0.400,ground,GND,,,
R14,14,13,-0.400,-0.400,rail,VDD_CORE,,,
R15,14,14,0.400,-0.400,ground,GND,,,
R16,14,15,1.200,-0.400,rail,VDD_CORE,,,
R17,14,16,2.000,-0.400,ground,GND,,,
R18,14,17,2.800,-0.400,rail,VDD_CORE,,,
R19,14,18,3.600,-0.400,ground,GND,,,
R20,14,19,4.400,-0.400,rail,VDD_IO_1V8,,,
R21,14,20,5.200,-0.400,ground,GND,,,
R22,14,21,6.000,-0.400,rail,VDD_CORE,,,
R23,14,22,6.800,-0.400,ground,GND,,,
R24,14,23,7.600,-0.400,signal,psram_3,DQ5,,
R25,14,24,8.400,-0.400,signal,psram_3,DQ6,,
R26,14,25,9.200,-0.400,signal,psram_3,DQ7,,
R27,14,26,10.000,-0.400,signal,psram_3,DQ8,,
R28,14,27,10.800,-0.400,signal,psram_3,DQ9,,
T1,15,0,-10.800,-1.200,signal,psram_8,DQ0,,
T2,15,1,-10.000,-1.200,signal,psram_8,DQ1,,
T3,15,2,-9.200,-1.200,signal,psram_8,DQ2,,
T4,15,3,-8.400,-1.200,signal,psram_8,DQ3,,
T5,15,4,-7.600,-1.200,signal,psram_8,DQ4,,
T6,15,5,-6.800,-1.200,ground,GND,,,
T7,15,6,-6.000,-1.200,rail,VDD_CORE,,,
T8,15,7,-5.200,-1.200,ground,GND,,,
T9,15,8,-4.400,-1.200,rail,VDD_CORE,,,
T10,15,9,-3.600,-1.200,ground,GND,,,
T11,15,10,-2.800,-1.200,rail,VDD_IO_1V8,,,
T12,15,11,-2.000,-1.200,ground,GND,,,
T13,15,12,-1.200,-1.200,rail,VDD_CORE,,,
T14,15,13,-0.400,-1.200,ground,GND,,,
T15,15,14,0.400,-1.200,rail,VDD_CORE,,,
T16,15,15,1.200,-1.200,ground,GND,,,
T17,15,16,2.000,-1.200,rail,VDD_CORE,,,
T18,15,17,2.800,-1.200,ground,GND,,,
T19,15,18,3.600,-1.200,rail,VDD_CORE,,,
T20,15,19,4.400,-1.200,ground,GND,,,
T21,15,20,5.200,-1.200,rail,VDD_IO_1V8,,,
T22,15,21,6.000,-1.200,ground,GND,,,
T23,15,22,6.800,-1.200,rail,VDD_CORE,,,
T24,15,23,7.600,-1.200,signal,psram_3,DQ10,,
T25,15,24,8.400,-1.200,signal,psram_3,DQ11,,
T26,15,25,9.200,-1.200,signal,psram_3,DQ12,,
T27,15,26,10.000,-1.200,signal,psram_3,DQ13,,
T28,15,27,10.800,-1.200,signal,psram_3,DQ14,,
U1,16,0,-10.800,-2.000,signal,psram_8,DQ5,,
U2,16,1,-10.000,-2.000,signal,psram_8,DQ6,,
U3,16,2,-9.200,-2.000,signal,psram_8,DQ7,,
U4,16,3,-8.400,-2.000,signal,psram_8,DQ8,,
U5,16,4,-7.600,-2.000,signal,psram_8,DQ9,,
U6,16,5,-6.800,-2.000,rail,VDD_CORE,,,
U7,16,6,-6.000,-2.000,ground,GND,,,
U8,16,7,-5.200,-2.000,rail,VDD_CORE,,,
U9,16,8,-4.400,-2.000,ground,GND,,,
U10,16,9,-3.600,-2.000,rail,VDD_CORE,,,
U11,16,10,-2.800,-2.000,ground,GND,,,
U12,16,11,-2.000,-2.000,rail,VDD_IO_1V8,,,
U13,16,12,-1.200,-2.000,ground,GND,,,
U14,16,13,-0.400,-2.000,rail,VDD_CORE,,,
U15,16,14,0.400,-2.000,ground,GND,,,
U16,16,15,1.200,-2.000,rail,VDD_CORE,,,
U17,16,16,2.000,-2.000,ground,GND,,,
U18,16,17,2.800,-2.000,rail,VDD_CORE,,,
U19,16,18,3.600,-2.000,ground,GND,,,
U20,16,19,4.400,-2.000,rail,VDD_CORE,,,
U21,16,20,5.200,-2.000,ground,GND,,,
U22,16,21,6.000,-2.000,rail,VDD_IO_1V8,,,
U23,16,22,6.800,-2.000,ground,GND,,,
U24,16,23,7.600,-2.000,signal,psram_3,DQ15,,
U25,16,24,8.400,-2.000,signal,psram_3,RWDS0,,
U26,16,25,9.200,-2.000,signal,psram_3,RWDS1,,
U27,16,26,10.000,-2.000,signal,psram_3,CS,,
U28,16,27,10.800,-2.000,ground,GND,,,
V1,17,0,-10.800,-2.800,signal,psram_8,DQ10,,
V2,17,1,-10.000,-2.800,signal,psram_8,DQ11,,
V3,17,2,-9.200,-2.800,signal,psram_8,DQ12,,
V4,17,3,-8.400,-2.800,signal,psram_8,DQ13,,
V5,17,4,-7.600,-2.800,signal,psram_8,DQ14,,
V6,17,5,-6.800,-2.800,ground,GND,,,
V7,17,6,-6.000,-2.800,rail,VDD_CORE,,,
V8,17,7,-5.200,-2.800,ground,GND,,,
V9,17,8,-4.400,-2.800,rail,VDD_CORE,,,
V10,17,9,-3.600,-2.800,ground,GND,,,
V11,17,10,-2.800,-2.800,rail,VDD_CORE,,,
V12,17,11,-2.000,-2.800,ground,GND,,,
V13,17,12,-1.200,-2.800,rail,VDD_IO_1V8,,,
V14,17,13,-0.400,-2.800,ground,GND,,,
V15,17,14,0.400,-2.800,rail,VDD_CORE,,,
V16,17,15,1.200,-2.800,ground,GND,,,
V17,17,16,2.000,-2.800,rail,VDD_CORE,,,
V18,17,17,2.800,-2.800,ground,GND,,,
V19,17,18,3.600,-2.800,rail,VDD_CORE,,,
V20,17,19,4.400,-2.800,ground,GND,,,
V21,17,20,5.200,-2.800,rail,VDD_CORE,,,
V22,17,21,6.000,-2.800,ground,GND,,,
V23,17,22,6.800,-2.800,rail,VDD_IO_1V8,,,
V24,17,23,7.600,-2.800,signal,psram_4,DQ0,,
V25,17,24,8.400,-2.800,signal,psram_4,DQ1,,
V26,17,25,9.200,-2.800,signal,psram_4,DQ2,,
V27,17,26,10.000,-2.800,signal,psram_4,DQ3,,
V28,17,27,10.800,-2.800,signal,psram_4,DQ4,,
W1,18,0,-10.800,-3.600,signal,psram_8,DQ15,,
W2,18,1,-10.000,-3.600,signal,psram_8,RWDS0,,
W3,18,2,-9.200,-3.600,signal,psram_8,RWDS1,,
W4,18,3,-8.400,-3.600,signal,psram_8,CS,,
W5,18,4,-7.600,-3.600,ground,GND,,,
W6,18,5,-6.800,-3.600,rail,VDD_CORE,,,
W7,18,6,-6.000,-3.600,ground,GND,,,
W8,18,7,-5.200,-3.600,rail,VDD_CORE,,,
W9,18,8,-4.400,-3.600,ground,GND,,,
W10,18,9,-3.600,-3.600,rail,VDD_CORE,,,
W11,18,10,-2.800,-3.600,ground,GND,,,
W12,18,11,-2.000,-3.600,rail,VDD_CORE,,,
W13,18,12,-1.200,-3.600,ground,GND,,,
W14,18,13,-0.400,-3.600,rail,VDD_PLL_0V9,,,
W15,18,14,0.400,-3.600,ground,GND,,,
W16,18,15,1.200,-3.600,rail,VDD_CORE,,,
W17,18,16,2.000,-3.600,ground,GND,,,
W18,18,17,2.800,-3.600,rail,VDD_CORE,,,
W19,18,18,3.600,-3.600,ground,GND,,,
W20,18,19,4.400,-3.600,rail,VDD_CORE,,,
W21,18,20,5.200,-3.600,ground,GND,,,
W22,18,21,6.000,-3.600,rail,VDD_CORE,,,
W23,18,22,6.800,-3.600,ground,GND,,,
W24,18,23,7.600,-3.600,signal,psram_4,DQ5,,
W25,18,24,8.400,-3.600,signal,psram_4,DQ6,,
W26,18,25,9.200,-3.600,signal,psram_4,DQ7,,
W27,18,26,10.000,-3.600,signal,psram_4,DQ8,,
W28,18,27,10.800,-3.600,signal,psram_4,DQ9,,
Y1,19,0,-10.800,-4.400,signal,psram_9,DQ0,,
Y2,19,1,-10.000,-4.400,signal,psram_9,DQ1,,
Y3,19,2,-9.200,-4.400,signal,psram_9,DQ2,,
Y4,19,3,-8.400,-4.400,signal,psram_9,DQ3,,
Y5,19,4,-7.600,-4.400,signal,psram_9,DQ4,,
Y6,19,5,-6.800,-4.400,ground,GND,,,
Y7,19,6,-6.000,-4.400,rail,VDD_CORE,,,
Y8,19,7,-5.200,-4.400,ground,GND,,,
Y9,19,8,-4.400,-4.400,rail,VDD_CORE,,,
Y10,19,9,-3.600,-4.400,ground,GND,,,
Y11,19,10,-2.800,-4.400,rail,VDD_CORE,,,
Y12,19,11,-2.000,-4.400,ground,GND,,,
Y13,19,12,-1.200,-4.400,rail,VDD_CORE,,,
Y14,19,13,-0.400,-4.400,ground,GND,,,
Y15,19,14,0.400,-4.400,rail,VDD_PLL_0V9,,,
Y16,19,15,1.200,-4.400,ground,GND,,,
Y17,19,16,2.000,-4.400,rail,VDD_CORE,,,
Y18,19,17,2.800,-4.400,ground,GND,,,
Y19,19,18,3.600,-4.400,rail,VDD_CORE,,,
Y20,19,19,4.400,-4.400,ground,GND,,,
Y21,19,20,5.200,-4.400,rail,VDD_CORE,,,
Y22,19,21,6.000,-4.400,ground,GND,,,
Y23,19,22,6.800,-4.400,rail,VDD_CORE,,,
Y24,19,23,7.600,-4.400,signal,psram_4,DQ10,,
Y25,19,24,8.400,-4.400,signal,psram_4,DQ11,,
Y26,19,25,9.200,-4.400,signal,psram_4,DQ12,,
Y27,19,26,10.000,-4.400,signal,psram_4,DQ13,,
Y28,19,27,10.800,-4.400,signal,psram_4,DQ14,,
AA1,20,0,-10.800,-5.200,signal,psram_9,DQ5,,
AA2,20,1,-10.000,-5.200,signal,psram_9,DQ6,,
AA3,20,2,-9.200,-5.200,signal,psram_9,DQ7,,
AA4,20,3,-8.400,-5.200,signal,psram_9,DQ8,,
AA5,20,4,-7.600,-5.200,signal,psram_9,DQ9,,
AA6,20,5,-6.800,-5.200,rail,VDD_CORE,,,
AA7,20,6,-6.000,-5.200,ground,GND,,,
AA8,20,7,-5.200,-5.200,rail,VDD_CORE,,,
AA9,20,8,-4.400,-5.200,ground,GND,,,
AA10,20,9,-3.600,-5.200,rail,VDD_CORE,,,
AA11,20,10,-2.800,-5.200,ground,GND,,,
AA12,20,11,-2.000,-5.200,rail,VDD_CORE,,,
AA13,20,12,-1.200,-5.200,ground,GND,,,
AA14,20,13,-0.400,-5.200,rail,VDD_CORE,,,
AA15,20,14,0.400,-5.200,ground,GND,,,
AA16,20,15,1.200,-5.200,rail,VDD_CORE,,,
AA17,20,16,2.000,-5.200,ground,GND,,,
AA18,20,17,2.800,-5.200,rail,VDD_CORE,,,
AA19,20,18,3.600,-5.200,ground,GND,,,
AA20,20,19,4.400,-5.200,rail,VDD_CORE,,,
AA21,20,20,5.200,-5.200,ground,GND,,,
AA22,20,21,6.000,-5.200,rail,VDD_CORE,,,
AA23,20,22,6.800,-5.200,ground,GND,,,
AA24,20,23,7.600,-5.200,signal,psram_4,DQ15,,
AA25,20,24,8.400,-5.200,signal,psram_4,RWDS0,,
AA26,20,25,9.200,-5.200,signal,psram_4,RWDS1,,
AA27,20,26,10.000,-5.200,signal,psram_4,CS,,
AA28,20,27,10.800,-5.200,ground,GND,,,
AB1,21,0,-10.800,-6.000,signal,psram_9,DQ10,,
AB2,21,1,-10.000,-6.000,signal,psram_9,DQ11,,
AB3,21,2,-9.200,-6.000,signal,psram_9,DQ12,,
AB4,21,3,-8.400,-6.000,signal,psram_9,DQ13,,
AB5,21,4,-7.600,-6.000,signal,psram_9,DQ14,,
AB6,21,5,-6.800,-6.000,ground,GND,,,
AB7,21,6,-6.000,-6.000,rail,VDD_CORE,,,
AB8,21,7,-5.200,-6.000,ground,GND,,,
AB9,21,8,-4.400,-6.000,rail,VDD_CORE,,,
AB10,21,9,-3.600,-6.000,ground,GND,,,
AB11,21,10,-2.800,-6.000,rail,VDD_CORE,,,
AB12,21,11,-2.000,-6.000,ground,GND,,,
AB13,21,12,-1.200,-6.000,rail,VDD_CORE,,,
AB14,21,13,-0.400,-6.000,ground,GND,,,
AB15,21,14,0.400,-6.000,rail,VDD_CORE,,,
AB16,21,15,1.200,-6.000,ground,GND,,,
AB17,21,16,2.000,-6.000,rail,VDD_CORE,,,
AB18,21,17,2.800,-6.000,ground,GND,,,
AB19,21,18,3.600,-6.000,rail,VDD_CORE,,,
AB20,21,19,4.400,-6.000,ground,GND,,,
AB21,21,20,5.200,-6.000,rail,VDD_CORE,,,
AB22,21,21,6.000,-6.000,ground,GND,,,
AB23,21,22,6.800,-6.000,rail,VDD_CORE,,,
AB24,21,23,7.600,-6.000,signal,psram_5,DQ0,,
AB25,21,24,8.400,-6.000,signal,psram_5,DQ1,,
AB26,21,25,9.200,-6.000,signal,psram_5,DQ2,,
AB27,21,26,10.000,-6.000,signal,psram_5,DQ3,,
AB28,21,27,10.800,-6.000,signal,psram_5,DQ4,,
AC1,22,0,-10.800,-6.800,signal,psram_9,DQ15,,
AC2,22,1,-10.000,-6.800,signal,psram_9,RWDS0,,
AC3,22,2,-9.200,-6.800,signal,psram_9,RWDS1,,
AC4,22,3,-8.400,-6.800,signal,psram_9,CS,,
AC5,22,4,-7.600,-6.800,ground,GND,,,
AC6,22,5,-6.800,-6.800,rail,VDD_CORE,,,
AC7,22,6,-6.000,-6.800,ground,GND,,,
AC8,22,7,-5.200,-6.800,rail,VDD_CORE,,,
AC9,22,8,-4.400,-6.800,ground,GND,,,
AC10,22,9,-3.600,-6.800,rail,VDD_CORE,,,
AC11,22,10,-2.800,-6.800,ground,GND,,,
AC12,22,11,-2.000,-6.800,rail,VDD_CORE,,,
AC13,22,12,-1.200,-6.800,ground,GND,,,
AC14,22,13,-0.400,-6.800,rail,VDD_CORE,,,
AC15,22,14,0.400,-6.800,ground,GND,,,
AC16,22,15,1.200,-6.800,rail,VDD_CORE,,,
AC17,22,16,2.000,-6.800,ground,GND,,,
AC18,22,17,2.800,-6.800,rail,VDD_CORE,,,
AC19,22,18,3.600,-6.800,ground,GND,,,
AC20,22,19,4.400,-6.800,rail,VDD_CORE,,,
AC21,22,20,5.200,-6.800,ground,GND,,,
AC22,22,21,6.000,-6.800,rail,VDD_CORE,,,
AC23,22,22,6.800,-6.800,ground,GND,,,
AC24,22,23,7.600,-6.800,signal,psram_5,DQ5,,
AC25,22,24,8.400,-6.800,signal,psram_5,DQ6,,
AC26,22,25,9.200,-6.800,signal,psram_5,DQ7,,
AC27,22,26,10.000,-6.800,signal,psram_5,DQ8,,
AC28,22,27,10.800,-6.800,signal,psram_5,DQ9,,
AD1,23,0,-10.800,-7.600,rail,VDD_CORE,,,
AD2,23,1,-10.000,-7.600,ground,GND,,,
AD3,23,2,-9.200,-7.600,rail,VDD_CORE,,,
AD4,23,3,-8.400,-7.600,ground,GND,,,
AD5,23,4,-7.600,-7.600,rail,VDD_CORE,,,
AD6,23,5,-6.800,-7.600,ground,GND,,,
AD7,23,6,-6.000,-7.600,rail,VDD_CORE,,,
AD8,23,7,-5.200,-7.600,ground,GND,,,
AD9,23,8,-4.400,-7.600,rail,VDD_CORE,,,
AD10,23,9,-3.600,-7.600,ground,GND,,,
AD11,23,10,-2.800,-7.600,rail,VDD_CORE,,,
AD12,23,11,-2.000,-7.600,ground,GND,,,
AD13,23,12,-1.200,-7.600,rail,VDD_CORE,,,
AD14,23,13,-0.400,-7.600,ground,GND,,,
AD15,23,14,0.400,-7.600,rail,VDD_CORE,,,
AD16,23,15,1.200,-7.600,ground,GND,,,
AD17,23,16,2.000,-7.600,rail,VDD_CORE,,,
AD18,23,17,2.800,-7.600,ground,GND,,,
AD19,23,18,3.600,-7.600,rail,VDD_CORE,,,
AD20,23,19,4.400,-7.600,ground,GND,,,
AD21,23,20,5.200,-7.600,rail,VDD_CORE,,,
AD22,23,21,6.000,-7.600,ground,GND,,,
AD23,23,22,6.800,-7.600,rail,VDD_CORE,,,
AD24,23,23,7.600,-7.600,ground,GND,,,
AD25,23,24,8.400,-7.600,rail,VDD_CORE,,,
AD26,23,25,9.200,-7.600,ground,GND,,,
AD27,23,26,10.000,-7.600,rail,VDD_CORE,,,
AD28,23,27,10.800,-7.600,ground,GND,,,
AE1,24,0,-10.800,-8.400,ground,GND,,,
AE2,24,1,-10.000,-8.400,rail,VDD_CORE,,,
AE3,24,2,-9.200,-8.400,ground,GND,,,
AE4,24,3,-8.400,-8.400,rail,VDD_CORE,,,
AE5,24,4,-7.600,-8.400,ground,GND,,,
AE6,24,5,-6.800,-8.400,rail,VDD_CORE,,,
AE7,24,6,-6.000,-8.400,ground,GND,,,
AE8,24,7,-5.200,-8.400,rail,VDD_CORE,,,
AE9,24,8,-4.400,-8.400,ground,GND,,,
AE10,24,9,-3.600,-8.400,rail,VDD_CORE,,,
AE11,24,10,-2.800,-8.400,ground,GND,,,
AE12,24,11,-2.000,-8.400,rail,VDD_CORE,,,
AE13,24,12,-1.200,-8.400,ground,GND,,,
AE14,24,13,-0.400,-8.400,rail,VDD_CORE,,,
AE15,24,14,0.400,-8.400,ground,GND,,,
AE16,24,15,1.200,-8.400,rail,VDD_CORE,,,
AE17,24,16,2.000,-8.400,ground,GND,,,
AE18,24,17,2.800,-8.400,rail,VDD_CORE,,,
AE19,24,18,3.600,-8.400,ground,GND,,,
AE20,24,19,4.400,-8.400,rail,VDD_CORE,,,
AE21,24,20,5.200,-8.400,ground,GND,,,
AE22,24,21,6.000,-8.400,rail,VDD_CORE,,,
AE23,24,22,6.800,-8.400,ground,GND,,,
AE24,24,23,7.600,-8.400,rail,VDD_CORE,,,
AE25,24,24,8.400,-8.400,ground,GND,,,
AE26,24,25,9.200,-8.400,rail,VDD_CORE,,,
AE27,24,26,10.000,-8.400,ground,GND,,,
AE28,24,27,10.800,-8.400,rail,VDD_CORE,,,
AF1,25,0,-10.800,-9.200,rail,VDD_CORE,,,
AF2,25,1,-10.000,-9.200,ground,GND,,,
AF3,25,2,-9.200,-9.200,rail,VDD_CORE,,,
AF4,25,3,-8.400,-9.200,ground,GND,,,
AF5,25,4,-7.600,-9.200,rail,VDD_CORE,,,
AF6,25,5,-6.800,-9.200,ground,GND,,,
AF7,25,6,-6.000,-9.200,rail,VDD_CORE,,,
AF8,25,7,-5.200,-9.200,ground,GND,,,
AF9,25,8,-4.400,-9.200,rail,VDD_CORE,,,
AF10,25,9,-3.600,-9.200,ground,GND,,,
AF11,25,10,-2.800,-9.200,rail,VDD_CORE,,,
AF12,25,11,-2.000,-9.200,ground,GND,,,
AF13,25,12,-1.200,-9.200,rail,VDD_CORE,,,
AF14,25,13,-0.400,-9.200,ground,GND,,,
AF15,25,14,0.400,-9.200,rail,VDD_CORE,,,
AF16,25,15,1.200,-9.200,ground,GND,,,
AF17,25,16,2.000,-9.200,rail,VDD_CORE,,,
AF18,25,17,2.800,-9.200,ground,GND,,,
AF19,25,18,3.600,-9.200,rail,VDD_CORE,,,
AF20,25,19,4.400,-9.200,ground,GND,,,
AF21,25,20,5.200,-9.200,rail,VDD_CORE,,,
AF22,25,21,6.000,-9.200,ground,GND,,,
AF23,25,22,6.800,-9.200,rail,VDD_CORE,,,
AF24,25,23,7.600,-9.200,ground,GND,,,
AF25,25,24,8.400,-9.200,rail,VDD_CORE,,,
AF26,25,25,9.200,-9.200,ground,GND,,,
AF27,25,26,10.000,-9.200,rail,VDD_CORE,,,
AF28,25,27,10.800,-9.200,ground,GND,,,
AG1,26,0,-10.800,-10.000,ground,GND,,,
AG2,26,1,-10.000,-10.000,rail,VDD_CORE,,,
AG3,26,2,-9.200,-10.000,signal,link_in,DATA1,S,1
AG4,26,3,-8.400,-10.000,signal,link_in,DATA3,S,1
AG5,26,4,-7.600,-10.000,signal,link_in,DATA5,S,1
AG6,26,5,-6.800,-10.000,signal,link_in,DATA7,S,1
AG7,26,6,-6.000,-10.000,signal,link_in,VALID,S,1
AG8,26,7,-5.200,-10.000,signal,link_in,SOF,S,1
AG9,26,8,-4.400,-10.000,signal,refclk,CLK_N,,
AG10,26,9,-3.600,-10.000,ground,GND,,,
AG11,26,10,-2.800,-10.000,signal,strap,MODE0,,
AG12,26,11,-2.000,-10.000,signal,strap,MODE1,,
AG13,26,12,-1.200,-10.000,ground,GND,,,
AG14,26,13,-0.400,-10.000,rail,VDD_CORE,,,
AG15,26,14,0.400,-10.000,ground,GND,,,
AG16,26,15,1.200,-10.000,rail,VDD_CORE,,,
AG17,26,16,2.000,-10.000,ground,GND,,,
AG18,26,17,2.800,-10.000,rail,VDD_CORE,,,
AG19,26,18,3.600,-10.000,ground,GND,,,
AG20,26,19,4.400,-10.000,rail,VDD_CORE,,,
AG21,26,20,5.200,-10.000,ground,GND,,,
AG22,26,21,6.000,-10.000,signal,link_out,DATA1,S,1
AG23,26,22,6.800,-10.000,signal,link_out,DATA3,S,1
AG24,26,23,7.600,-10.000,signal,link_out,DATA5,S,1
AG25,26,24,8.400,-10.000,signal,link_out,DATA7,S,1
AG26,26,25,9.200,-10.000,signal,link_out,VALID,S,1
AG27,26,26,10.000,-10.000,signal,link_out,SOF,S,1
AG28,26,27,10.800,-10.000,rail,VDD_CORE,,,
AH1,27,0,-10.800,-10.800,rail,VDD_CORE,,,
AH2,27,1,-10.000,-10.800,ground,GND,,,
AH3,27,2,-9.200,-10.800,signal,link_in,DATA0,S,0
AH4,27,3,-8.400,-10.800,signal,link_in,DATA2,S,0
AH5,27,4,-7.600,-10.800,signal,link_in,DATA4,S,0
AH6,27,5,-6.800,-10.800,signal,link_in,DATA6,S,0
AH7,27,6,-6.000,-10.800,signal,link_in,CLOCK,S,0
AH8,27,7,-5.200,-10.800,signal,link_in,READY_BACK,S,0
AH9,27,8,-4.400,-10.800,signal,mgmt,SCLK,,
AH10,27,9,-3.600,-10.800,signal,mgmt,MOSI,,
AH11,27,10,-2.800,-10.800,signal,mgmt,MISO,,
AH12,27,11,-2.000,-10.800,signal,mgmt,CS,,
AH13,27,12,-1.200,-10.800,ground,GND,,,
AH14,27,13,-0.400,-10.800,signal,mgmt,IRQ,,
AH15,27,14,0.400,-10.800,signal,jtag,TCK,,
AH16,27,15,1.200,-10.800,signal,jtag,TMS,,
AH17,27,16,2.000,-10.800,signal,jtag,TDI,,
AH18,27,17,2.800,-10.800,ground,GND,,,
AH19,27,18,3.600,-10.800,signal,jtag,TDO,,
AH20,27,19,4.400,-10.800,signal,jtag,TRST,,
AH21,27,20,5.200,-10.800,signal,refclk,CLK_P,,
AH22,27,21,6.000,-10.800,signal,link_out,DATA0,S,0
AH23,27,22,6.800,-10.800,signal,link_out,DATA2,S,0
AH24,27,23,7.600,-10.800,signal,link_out,DATA4,S,0
AH25,27,24,8.400,-10.800,signal,link_out,DATA6,S,0
AH26,27,25,9.200,-10.800,signal,link_out,CLOCK,S,0
AH27,27,26,10.000,-10.800,signal,link_out,READY_BACK,S,0
AH28,27,27,10.800,-10.800,ground,GND,,,
